{
    "assets": [
        {
            "name": "SteamVR",
            "locations": {
                "location": {
                    "x": 0.1159999892115593,
                    "y": 0.5,
                    "z": -0.6399999856948853
                },
                "rotation": {
                    "x": 0.0,
                    "y": 105.10002136230469,
                    "z": 0.0
                },
                "scale": {
                    "x": 1.0,
                    "y": 1.0,
                    "z": 1.0
                }
            }
        }
    ]
}